Domain Name,Price
mojab.com,$24888
mrlyonsps.com,$130
cubaocho.com,$12250
playinginthesand.com,$12250
walletgate.com,$11899
papilio.com,$816
topionetworks.com,$7600
famoushighpie.com,$7150
83555.com,$6500
stripe.ml,$6500
baronesfamousitalian.com,$6100
chestersasia.com,$5655
highlowoside.com,$5655
townofnorway.org,$5300
solidprojects.com,$4688
lexagene.com,$4550
indianmatchmaking.com,$4388
kety.com,$4161
seymoursps.com,$4100
83.app,$410
sunsetwire.com,$3999
towoperators.com,$3995
weddingwisdom.com,$3688
ratter.com,$3600
morganswonderlandmac.com,$3550
eightandsandkitchen.com,$3550
kachingo.com,$3500
orchidms.com,$3450
kumohamden.com,$3250
riseup.io,$3152
onefishtwofishrestaurant.net,$350
erespizzalp.com,$350
sykescostaricahr.com,$350
energytransitionsinitiative.org,$310
61.app,$310
izicash.com,$2988
82.app,$2838
asiyasport.com,$2800
webagent.org,$2588
levelup.net,$2552
critsuccess.com,$2425
sebastopolthaifood.com,$2390
allow.org,$2273
colorfulclearwater.com,$2259
journo.net,$2195
cafedelmarphuket.com,$2176
the-artists.org,$2175
win37.com,$2150
987.app,$2110
familyconstruction.com,$2100
databasemodeling.com,$269
emile.ai,$251
fortressrealdevelopments.com,$227
independentfilmtrust.org,$226
armenianfoodfestival.com,$225
vapesalesuk.com,$220
santacruzpacificdental.com,$1925
myindiantaste.com,$1913
foodiesmania.com,$1900
ninetwothree.com,$1888
maizehouston.com,$1875
icphs2023.org,$1825
islandtobacco.com,$1788
cryptoprofits.com,$1708
successcapital.com,$1700
themorningcup.com,$1688
collect-reviews.com,$1636
vrvca.com,$1625
zolo.net,$1581
medsolve.com,$1575
iheartbirba.com,$1561
savejeffwood.com,$1525
myidiya.com,$1525
mountainpl.com,$1505
practicaleducation.com,$1500
celestialelements.com,$1500
dailynutrient.com,$1500
polyesterrecords.com,$1500
lehmandermatology.com,$1500
holistichydration.com,$1488
poshpartysupplies.com,$1315
scm.net,$1261
haywardlibrary.org,$1247
polinetworks.org,$1240
winblock.com,$1216
ashram.ai,$1177
littleswitzerlandnc.com,$1175
18966.com,$1175
egyptian-architecture.com,$1127
oyatetecaproject.org,$1125
industrialdistributors.com,$1100
769999.com,$1100
theoriginalguarana.com,$146
houseofhomebrew.com,$125
thenopo.com,$125
hueylewisstore.com,$125
resourceit.com,$10
hitejinroshop.com,$10
holychords.com,$908
urbanvillageproject.com,$900
smartphoneloveaffair.com,$900
theigda.org,$898
circularlagos.com,$888
pulsehr.com,$880
thetoothdoctortampa.com,$860
ofrx.com,$840
bluesuit.com,$835
vancouveruxawards.com,$810
mountainstrust.org,$800
gengames.com,$800
hatchsandwich.com,$800
ajsculptures.com,$779
phoenixwebsolutions.net,$720
socialhouselw.com,$710
quirl.com,$704
crpub.com,$676
isabellepantogleicher.com,$660
newhavengroup.com,$651
augmentedmind.com,$650
virg-nelson.com,$630
hindilinks4u.to,$621
inlandempireareaca.org,$620
paseocoloradopasadena.com,$609
ilovenebraska.com,$605
realbostonian.com,$575
viennasclassichollywood.com,$565
whistlestoplife.com,$565
australiainsurance.com,$560
egrathletics.org,$560
thebikerevolution.com,$550
renewalcare.com,$539
scrubsunlimitedapparel.com,$520
vatl.org,$519
murvey.com,$518
spinabifidamoms.com,$510
fandomfare.com,$510
garnercapital.com,$501
australia-migration.com,$501
ddlsaustralia.org,$500
sales.company,$494
heitaifun.com,$486
affluentfinancial.com,$477
xdeg.com,$466
pioneerbarbershop.com,$465
tep-a.org,$465
hospitalitalianodevenezuela.org,$465
southernglossary.com,$460
healthcomfort.com,$456
genplanua.com,$455
mytabletguru.com,$455
wafuasianbistro.com,$455
cprc.org,$452
578win.com,$450
saborlatinofoodshow.com,$442
brendataylor.com,$413
fbainspection.com,$406
actagainstwar.org,$406
billmartinsongwriter.com,$405
lpwebhosting.com,$405
mymoodmonitor.com,$404
rfitness.com,$398
thetranscriptome.com,$395
boosley.com,$394
outdoorphotoacademy.com,$390
lynlawrence.com,$390
cabam.com,$387
vogeldesign.com,$380
unityplay.com,$370
shannonsteak.com,$370
ai4life.com,$362
bionic.app,$360
hotelterminus.org,$355
superiortofu.com,$355
altiusquartet.com,$355
tosafest.org,$355
bistroblends.com,$355
correctmytax.com,$355
cashappscontact.com,$355
yes.group,$350
seocornwall.com,$349
drnaida.com,$345
flaskaholic.com,$338
deepenterprise.com,$335
propchat.com,$335
kebabpizza.com,$334
hellohemp.com,$329
caravandaily.com,$326
guitareuromedia.com,$325
nativeagency.org,$320
mbebike.com,$315
peermedical.com,$315
onlinecasino001.com,$310
rediscookbook.org,$310
omedi.net,$306
orbslimicafe.com,$305
anodynerecords.com,$305
threatconsulting.com,$305
bobdobbs.net,$305
payperson.com,$305
chilitosburritos.com,$300
cikm.org,$300
9808.tv,$298
simplyinteractive.com,$294
captainfoods.com,$293
snapless.com,$290
linik.com,$287
mcacgsq.com,$286
bombayschutney.com,$285
joonni.com,$285
recrutementmediassociaux.com,$284
storyrealty.com,$280
subblime.com,$275
wxjavascript.net,$275
taylortown.org,$270
dancinginawinterwonderland.com,$270
ourdisappearingplanet.com,$270
storeassured.com,$265
panoramaissaquah.com,$265
barreautanger.org,$265
sirin-wildlife.com,$264
qatarlawyer.com,$260
storybaaz.com,$260
maxperience.com,$260
siyasihaber3.org,$260
mersolluo.com,$257
stupidgoodrachel.com,$257
sculptureranch.com,$256
blisshookahflavor.com,$255
theideawall.com,$255
senatordeloreskelley.org,$255
spiritsofansett.com,$255
doroma.com,$255
faktual.com,$255
troychurch.org,$245
consultingpartnership.com,$240
jtev.com,$240
amaro.io,$234
onlyceo.com,$230
uqbo.com,$230
baseusa.com,$226
jarvismooreinc.com,$225
luxuru.com,$225
konatech.com,$222
toneconsulting.com,$221
bienestarfitness.com,$221
rocketgourmet.com,$221
newlifecleaners.net,$215
stemexpert.com,$215
riverpointe-stc.com,$215
swipecrypto.com,$211
ballert.com,$208
iwb.ai,$207
davidmccarthymedia.com,$205
sleepyegg.com,$205
jacksonjobs.com,$205
supercatschedule.com,$205
plasticsurgerynewjersey.org,$205
mellimazhabi.org,$205
flyhighworks.com,$205
lawtofact.com,$205
kawaiination.com,$205
klimagery.com,$205
helpingkidsclinic.org,$205
falklandshistory.org,$205
okanaganwegotthis.com,$205
oculosweb.com,$205
motopulse.com,$204
readseinen.com,$201
tokenfree.com,$200
sandiegocriminallaw.com,$192
ammolist.com,$190
alwaysmove.com,$190
yogaing.com,$187
amid.net,$186
newtechnewsfeed.com,$185
contechlive.com,$185
kingmotorsonline.com,$185
hoto.io,$185
nigeria-report.org,$182
astrolilly.org,$181
rustroad.com,$180
iwg.ai,$177
dataxia.com,$175
phlegmcomics.com,$175
unidoscontraelparkinson.com,$175
catielynchlcsw.com,$171
sitesrencontrefemme.com,$170
alexandriabrotherspowerwashing.com,$165
yourhealthystepstools.com,$165
thegreenhousedayspa.com,$165
mensfashiongroup.com,$164
fitnesscomboo.com,$162
ikje.com,$162
jdve.com,$162
tower.capital,$161
techknack.net,$160
flamepay.com,$160
fairbeans.com,$159
huntcoins.com,$156
1787.tv,$156
downloadsoftwaretools.com,$155
glenfallreachhotel.com,$155
bsqd.com,$155
decentra.land,$155
happysoups.com,$155
cafesympatico.com,$155
atpj.com,$155
kalaswear.com,$154
meesi.com,$152
mojodispensary.com,$151
jewelish.com,$149
eastcoasttransport.com,$144
venucci.com,$141
hbe.ai,$140
elisarnat.com,$140
invercoin.com,$139
natural-living-for-women.com,$135
shemazingdesigns.com,$135
rapidmetrogurgaon.com,$135
ukairdates.com,$134
belbobeautyinstitute.com,$130
healthybitesdelivery.com,$130
mitagg.com,$130
nineteensixtyeight.com,$130
zusia.com,$130
tostylewithlove.com,$130
ing.to,$130
fast800.com,$125
chamberfind.com,$125
panda05.com,$125
yourstoredomain.com,$125
lzau.com,$125
chicagotennisfestival.com,$125
bit-url.com,$125
maps-denver.com,$124
news-duxezi.com,$121
tubitak.com,$120
vkuf.com,$120
belezzafitness.com,$120
foreves.com,$116
dronesync.com,$116
sgtjustindodge.com,$115
60258.com,$115
bocellirest.com,$115
weesamschedule.com,$113
contrastudio.com,$113
unsa-financesindustrie.org,$112
nkt.ai,$112
pamir.xyz,$112
americanunderwriters.com,$111
hockeysocial.com,$110
houseofrap.com,$110
vipsign.com,$107
gwr.ai,$107
marketharmony.com,$106
storysys.com,$106
metromoversllc.com,$105
movetotherockies.com,$105
shokuzine.com,$105
theminiatureguitars.com,$105
10thousanddoors.org,$105
beybladehub.com,$105
shrdo.com,$105
rapydscript.com,$105
geneseodental.com,$105
inpux.com,$105
thegallerycafe.ca,$103
livestream.fun,$103
geniusculture.com,$103
backlink.app,$102
mauihandyman.com,$102
hotelesmiami.com,$101
latinamericafuturesummit.com,$101
urbanlivingcondos.com,$101
gro.app,$100
cigarhombre.com,$100
fantabike.com,$100
fujita-sushi.com,$100
csitnotes.com,$100
japanringtones.com,$100
oneidakallet.com,$100
securityai.io,$100
